section_id,from_station,to_station,length_km,n_trains
BRC>ST,BRC,ST,128.0,11
ST>BRC,ST,BRC,129.0,11
BRC>RTM,BRC,RTM,262.0,10
KOTA>RTM,KOTA,RTM,265.0,10
RTM>BRC,RTM,BRC,263.0,10
RTM>KOTA,RTM,KOTA,266.0,10
KOTA>SWM,KOTA,SWM,108.0,9
SWM>KOTA,SWM,KOTA,108.0,9
BTE>MTJ,BTE,MTJ,34.0,8
MTJ>BTE,MTJ,BTE,33.5,8
BSR>PNVL,BSR,PNVL,66.0,7
KOTA>NZM,KOTA,NZM,448.0,7
MTJ>NZM,MTJ,NZM,128.0,7
NZM>KOTA,NZM,KOTA,450.0,7
PNVL>BSR,PNVL,BSR,65.0,7
BH>BRC,BH,BRC,70.0,6
BH>ST,BH,ST,58.0,6
BRC>BH,BRC,BH,70.0,6
BRC>KOTA,BRC,KOTA,527.0,6
KOTA>BRC,KOTA,BRC,528.0,6
NZM>MTJ,NZM,MTJ,130.0,6
ST>BH,ST,BH,59.0,6
BDTS>BVI,BDTS,BVI,18.0,5
BSR>ST,BSR,ST,215.0,5
BVI>BDTS,BVI,BDTS,19.0,5
CAN>CLT,CAN,CLT,89.0,5
CLT>CAN,CLT,CAN,89.0,5
CLT>SRR,CLT,SRR,86.0,5
MAJN>UD,MAJN,UD,65.0,5
SRR>CLT,SRR,CLT,86.0,5
SRR>TCR,SRR,TCR,34.0,5
ST>BSR,ST,BSR,215.0,5
TCR>SRR,TCR,SRR,33.0,5
UD>MAJN,UD,MAJN,62.0,5
BL>VAPI,BL,VAPI,24.0,4
BRC>GDA,BRC,GDA,73.0,4
BTE>BXN,BTE,BXN,42.0,4
BTE>SWM,BTE,SWM,179.0,4
BXN>BTE,BXN,BTE,41.5,4
DHD>GDA,DHD,GDA,74.5,4
DHD>MGN,DHD,MGN,33.0,4
DRD>VAPI,DRD,VAPI,50.5,4
GDA>BRC,GDA,BRC,72.5,4
GDA>DHD,GDA,DHD,74.0,4
GZB>MTC,GZB,MTC,47.0,4
GZB>NZM,GZB,NZM,27.0,4
KYJ>QLN,KYJ,QLN,41.0,4
MGN>DHD,MGN,DHD,33.0,4
MTC>GZB,MTC,GZB,47.5,4
NAD>RTM,NAD,RTM,45.0,4
NVS>ST,NVS,ST,29.0,4
NZM>GZB,NZM,GZB,28.0,4
NZM>NDLS,NZM,NDLS,7.0,4
PNVL>RN,PNVL,RN,281.0,4
QLN>KYJ,QLN,KYJ,41.0,4
RN>PNVL,RN,PNVL,284.0,4
RTM>NAD,RTM,NAD,44.5,4
ST>NVS,ST,NVS,30.0,4
ST>VAPI,ST,VAPI,93.0,4
SWM>BTE,SWM,BTE,179.0,4
VAPI>BL,VAPI,BL,24.0,4
VAPI>ST,VAPI,ST,92.5,4
ALLP>ERS,ALLP,ERS,57.0,3
ALLP>KYJ,ALLP,KYJ,43.0,3
ASR>BEAS,ASR,BEAS,42.0,3
BEAS>ASR,BEAS,ASR,43.0,3
BEAS>JUC,BEAS,JUC,36.0,3
BL>NVS,BL,NVS,40.0,3
BVI>ST,BVI,ST,233.0,3
CAN>KGQ,CAN,KGQ,86.0,3
CHI>RN,CHI,RN,76.0,3
ERS>ALLP,ERS,ALLP,57.0,3
FDB>MTJ,FDB,MTJ,112.0,3
FDB>NZM,FDB,NZM,17.0,3
GGC>SMBJ,GGC,SMBJ,30.0,3
GGC>SWM,GGC,SWM,64.0,3
HAN>SMBJ,HAN,SMBJ,10.0,3
HW>RK,HW,RK,41.0,3
JUC>BEAS,JUC,BEAS,36.0,3
KAWR>MAO,KAWR,MAO,58.0,3
KAWR>UD,KAWR,UD,191.0,3
KGQ>CAN,KGQ,CAN,86.0,3
KGQ>MAJN,KGQ,MAJN,47.0,3
KOTA>NDLS,KOTA,NDLS,455.0,3
KOTA>RMA,KOTA,RMA,73.0,3
KYJ>ALLP,KYJ,ALLP,43.0,3
LDH>UMB,LDH,UMB,114.0,3
MAJN>KGQ,MAJN,KGQ,47.0,3
MAO>KAWR,MAO,KAWR,58.0,3
MGN>RTM,MGN,RTM,82.0,3
MTJ>FDB,MTJ,FDB,111.0,3
NDLS>KOTA,NDLS,KOTA,457.0,3
NVS>BL,NVS,BL,39.0,3
QLN>TVC,QLN,TVC,65.0,3
RK>HW,RK,HW,41.0,3
RMA>KOTA,RMA,KOTA,72.0,3
RN>CHI,RN,CHI,78.0,3
RTM>MGN,RTM,MGN,82.0,3
SMBJ>GGC,SMBJ,GGC,30.0,3
SMBJ>HAN,SMBJ,HAN,11.0,3
ST>BVI,ST,BVI,233.0,3
SWM>GGC,SWM,GGC,63.0,3
TVC>QLN,TVC,QLN,64.0,3
UD>KAWR,UD,KAWR,190.0,3
UMB>LDH,UMB,LDH,113.0,3
VAPI>DRD,VAPI,DRD,50.0,3
ADH>BVI,ADH,BVI,12.0,2
AKV>BH,AKV,BH,10.0,2
BCT>BRC,BCT,BRC,391.0,2
BCT>BVI,BCT,BVI,29.0,2
BDTS>ST,BDTS,ST,251.0,2
BH>AKV,BH,AKV,9.5,2
BIM>BL,BIM,BL,18.0,2
BL>BIM,BL,BIM,18.5,2
BRC>BCT,BRC,BCT,391.0,2
BRC>MYG,BRC,MYG,30.0,2
BRC>SMLA,BRC,SMLA,25.5,2
BSR>DRD,BSR,DRD,72.0,2
BVH>FDB,BVH,FDB,8.0,2
BVH>PWL,BVH,PWL,21.5,2
BVI>ADH,BVI,ADH,12.0,2
BVI>DDR,BVI,DDR,24.0,2
BVI>VAPI,BVI,VAPI,140.0,2
BWM>JHW,BWM,JHW,16.0,2
BWM>KOTA,BWM,KOTA,100.0,2
BWM>SGZ,BWM,SGZ,29.0,2
BXN>FSP,BXN,FSP,20.0,2
BXN>HAN,BXN,HAN,33.0,2
CAN>MAJN,CAN,MAJN,133.0,2
CHI>PNVL,CHI,PNVL,205.0,2
CMU>SVA,CMU,SVA,15.5,2
DBD>MOZ,DBD,MOZ,24.0,2
DDR>BCT,DDR,BCT,6.0,2
DHD>LMK,DHD,LMK,34.0,2
DHD>RTM,DHD,RTM,115.0,2
DRD>BSR,DRD,BSR,72.0,2
ERN>KTYM,ERN,KTYM,59.5,2
ERN>TCR,ERN,TCR,72.0,2
ERS>TCR,ERS,TCR,74.0,2
FDB>BVH,FDB,BVH,8.0,2
FDB>TKD,FDB,TKD,10.5,2
FSP>BXN,FSP,BXN,19.5,2
FSP>HAN,FSP,HAN,13.0,2
GDA>SAT,GDA,SAT,21.0,2
GGC>HAN,GGC,HAN,41.0,2
GGC>NNW,GGC,NNW,17.0,2
HAN>BXN,HAN,BXN,32.5,2
HAN>FSP,HAN,FSP,13.0,2
HAN>GGC,HAN,GGC,40.0,2
IDG>LKE,IDG,LKE,10.5,2
IDG>SWM,IDG,SWM,36.0,2
JHW>BWM,JHW,BWM,16.5,2
JHW>RMA,JHW,RMA,12.0,2
JRC>JUC,JRC,JUC,4.5,2
JRC>PGW,JRC,PGW,16.0,2
JUC>JRC,JUC,JRC,5.0,2
KCVL>QLN,KCVL,QLN,58.0,2
KOTA>BWM,KOTA,BWM,101.0,2
KOTA>MTJ,KOTA,MTJ,320.0,2
KRMI>MAO,KRMI,MAO,29.0,2
KRMI>RN,KRMI,RN,210.0,2
KSV>PWL,KSV,PWL,41.0,2
KTYM>ERN,KTYM,ERN,59.0,2
KUDL>RN,KUDL,RN,139.5,2
KUDL>THVM,KUDL,THVM,53.5,2
KUH>NAD,KUH,NAD,14.0,2
LDH>PGW,LDH,PGW,36.0,2
LKE>IDG,LKE,IDG,11.0,2
LMK>PPD,LMK,PPD,8.0,2
MAJN>CAN,MAJN,CAN,133.0,2
MAO>KRMI,MAO,KRMI,30.0,2
MAO>RN,MAO,RN,240.0,2
MAO>THVM,MAO,THVM,49.0,2
MAO>UD,MAO,UD,250.0,2
MEP>NAD,MEP,NAD,16.5,2
MGN>THDR,MGN,THDR,8.5,2
MLZ>NNW,MLZ,NNW,16.5,2
MLZ>SWM,MLZ,SWM,30.0,2
MOZ>MTC,MOZ,MTC,55.5,2
MTC>MOZ,MTC,MOZ,55.5,2
MTC>MUT,MTC,MUT,4.0,2
MTJ>KOTA,MTJ,KOTA,320.0,2
MTJ>SWM,MTJ,SWM,212.0,2
MUT>MTC,MUT,MTC,4.0,2
MYG>BRC,MYG,BRC,30.0,2
NAD>KUH,NAD,KUH,14.0,2
NAD>MEP,NAD,MEP,17.0,2
NAD>SGZ,NAD,SGZ,91.5,2
NDLS>NZM,NDLS,NZM,7.0,2
NNW>GGC,NNW,GGC,16.5,2
NNW>MLZ,NNW,MLZ,16.5,2
NZM>FDB,NZM,FDB,18.0,2
OKA>NZM,OKA,NZM,4.0,2
PGW>JRC,PGW,JRC,16.5,2
PGW>LDH,PGW,LDH,36.0,2
PLG>VR,PLG,VR,31.0,2
PNVL>CHI,PNVL,CHI,205.0,2
PPD>LMK,PPD,LMK,8.0,2
PPD>SAT,PPD,SAT,12.0,2
PWL>KSV,PWL,KSV,42.0,2
QLN>KCVL,QLN,KCVL,58.0,2
RMA>JHW,RMA,JHW,11.5,2
RN>KRMI,RN,KRMI,210.0,2
RN>KUDL,RN,KUDL,145.5,2
RN>MAO,RN,MAO,238.0,2
RTM>DHD,RTM,DHD,115.0,2
SAT>GDA,SAT,GDA,20.5,2
SAT>PPD,SAT,PPD,12.0,2
SGZ>BWM,SGZ,BWM,30.0,2
SGZ>NAD,SGZ,NAD,91.0,2
SGZ>SVA,SGZ,SVA,13.5,2
SMLA>BRC,SMLA,BRC,25.5,2
ST>BDTS,ST,BDTS,252.0,2
SVA>CMU,SVA,CMU,15.5,2
SVA>SGZ,SVA,SGZ,13.5,2
SWM>IDG,SWM,IDG,36.5,2
SWM>MLZ,SWM,MLZ,30.0,2
SWM>MTJ,SWM,MTJ,212.0,2
SZM>NDLS,SZM,NDLS,4.0,2
TCR>ERN,TCR,ERN,71.5,2
TCR>ERS,TCR,ERS,73.5,2
THDR>MGN,THDR,MGN,8.0,2
THVM>KUDL,THVM,KUDL,53.5,2
THVM>MAO,THVM,MAO,46.0,2
TKD>FDB,TKD,FDB,10.0,2
TKD>OKA,TKD,OKA,3.0,2
UD>MAO,UD,MAO,248.0,2
VAPI>BVI,VAPI,BVI,140.5,2
VR>BVI,VR,BVI,26.0,2
ADH>BCT,ADH,BCT,18.0,1
ADH>BDTS,ADH,BDTS,7.0,1
AGR>BMI,AGR,BMI,4.0,1
AGR>PCN,AGR,PCN,10.0,1
AKV>BRC,AKV,BRC,79.0,1
AKV>KSB,AKV,KSB,19.0,1
AKV>PAO,AKV,PAO,10.0,1
AKV>ST,AKV,ST,49.0,1
AML>BIM,AML,BIM,6.0,1
AML>NVS,AML,NVS,15.0,1
ANAS>BIO,ANAS,BIO,8.0,1
ANAS>MGN,ANAS,MGN,15.0,1
AST>BVH,AST,BVH,10.0,1
AWY>ERS,AWY,ERS,19.0,1
AWY>TCR,AWY,TCR,55.0,1
BCT>ADH,BCT,ADH,17.0,1
BCT>DDR,BCT,DDR,5.0,1
BDTS>ADH,BDTS,ADH,6.0,1
BGZ>NNO,BGZ,NNO,13.0,1
BGZ>SPZ,BGZ,SPZ,18.0,1
BH>MYG,BH,MYG,40.0,1
BH>NIU,BH,NIU,12.0,1
BILD>MRN,BILD,MRN,9.0,1
BIM>AML,BIM,AML,6.0,1
BIM>NVS,BIM,NVS,21.0,1
BIO>ANAS,BIO,ANAS,8.0,1
BIO>DHD,BIO,DHD,11.0,1
BL>PAD,BL,PAD,10.0,1
BL>ST,BL,ST,69.0,1
BLD>SJN,BLD,SJN,12.0,1
BLD>VAPI,BLD,VAPI,13.0,1
BLZ>BRZ,BLZ,BRZ,15.0,1
BLZ>MSZ,BLZ,MSZ,16.0,1
BMI>AGR,BMI,AGR,4.0,1
BMI>BOG,BMI,BOG,6.0,1
BMI>RTM,BMI,RTM,46.0,1
BMI>THDR,BMI,THDR,27.0,1
BOD>RNH,BOD,RNH,7.0,1
BOD>RTM,BOD,RTM,13.0,1
BOG>BMI,BOG,BMI,6.0,1
BOG>RTI,BOG,RTI,12.0,1
BOR>BVI,BOR,BVI,69.0,1
BOR>PLG,BOR,PLG,12.0,1
BOR>VAPI,BOR,VAPI,71.0,1
BOR>VGN,BOR,VGN,9.0,1
BRC>AKV,BRC,AKV,80.0,1
BRC>BVI,BRC,BVI,361.0,1
BRC>DHD,BRC,DHD,147.0,1
BRZ>BLZ,BRZ,BLZ,16.0,1
BRZ>JHL,BRZ,JHL,14.0,1
BSR>KYN,BSR,KYN,41.0,1
BSR>PLG,BSR,PLG,39.0,1
BSR>VAPI,BSR,VAPI,122.0,1
BTE>HAN,BTE,HAN,75.0,1
BTE>NZM,BTE,NZM,161.0,1
BTI>GNA,BTI,GNA,12.0,1
BTI>MAUR,BTI,MAUR,34.0,1
BVI>BCT,BVI,BCT,30.0,1
BVI>BOR,BVI,BOR,69.0,1
BVI>BRC,BVI,BRC,362.0,1
BVI>BSR,BVI,BSR,18.0,1
BVI>DRD,BVI,DRD,90.0,1
BVI>PLG,BVI,PLG,57.0,1
BWM>GOH,BWM,GOH,19.0,1
BWM>NAD,BWM,NAD,120.0,1
BWM>RMA,BWM,RMA,28.0,1
BWM>RTM,BWM,RTM,165.0,1
CHI>ROHA,CHI,ROHA,133.0,1
CHJ>KSV,CHJ,KSV,10.0,1
CHJ>MTJ,CHJ,MTJ,30.0,1
CMU>THUR,CMU,THUR,14.0,1
CMU>VMA,CMU,VMA,23.0,1
CNGR>KTYM,CNGR,KTYM,35.0,1
CNGR>QLN,CNGR,QLN,61.0,1
CPN>DRL,CPN,DRL,13.0,1
CPN>SMLA,CPN,SMLA,11.0,1
DARA>DKNT,DARA,DKNT,38.0,1
DARA>MKX,DARA,MKX,14.0,1
DBD>SRE,DBD,SRE,35.0,1
DDN>DWO,DDN,DWO,19.0,1
DDN>HW,DDN,HW,51.0,1
DDR>BVI,DDR,BVI,24.0,1
DHD>BIO,DHD,BIO,10.0,1
DHD>BRC,DHD,BRC,148.0,1
DKNT>DARA,DKNT,DARA,39.0,1
DKNT>KOTA,DKNT,KOTA,9.0,1
DKZ>NDLS,DKZ,NDLS,4.0,1
DKZ>SSB,DKZ,SSB,8.0,1
DRD>BVI,DRD,BVI,90.0,1
DRD>UBR,DRD,UBR,20.0,1
DRD>VGN,DRD,VGN,12.0,1
DRL>CPN,DRL,CPN,13.0,1
DRL>GDA,DRL,GDA,23.0,1
DRL>KRSA,DRL,KRSA,12.0,1
DRL>SMLA,DRL,SMLA,24.0,1
DWO>DDN,DWO,DDN,20.0,1
DWO>RWL,DWO,RWL,21.0,1
ERS>AWY,ERS,AWY,19.0,1
FDK>FZR,FDK,FZR,33.0,1
FDK>KKP,FDK,KKP,12.0,1
FZR>FDK,FZR,FDK,32.0,1
GDA>DRL,GDA,DRL,23.0,1
GDA>KRSA,GDA,KRSA,11.0,1
GJUT>GNA,GJUT,GNA,15.0,1
GJUT>KKP,GJUT,KKP,16.0,1
GNA>BTI,GNA,BTI,12.0,1
GNA>GJUT,GNA,GJUT,15.0,1
GOH>BWM,GOH,BWM,19.0,1
GOH>SGZ,GOH,SGZ,11.0,1
GQL>KOTA,GQL,KOTA,6.0,1
GQL>KPTN,GQL,KPTN,8.0,1
GZB>GZN,GZB,GZN,6.0,1
GZB>SBB,GZB,SBB,7.0,1
GZN>GZB,GZN,GZB,6.0,1
GZN>MUD,GZN,MUD,11.0,1
HAN>BTE,HAN,BTE,74.0,1
HW>DDN,HW,DDN,52.0,1
HW>JWP,HW,JWP,4.0,1
HW>MOTC,HW,MOTC,4.0,1
ISM>SPZ,ISM,SPZ,3.0,1
JAT>KTHU,JAT,KTHU,77.0,1
JAT>UHP,JAT,UHP,53.0,1
JHL>BRZ,JHL,BRZ,14.0,1
JHL>TUN,JHL,TUN,12.0,1
JIND>JNA,JIND,JNA,25.0,1
JIND>UCA,JIND,UCA,19.0,1
JNA>JIND,JNA,JIND,25.0,1
JNA>ROK,JNA,ROK,32.0,1
JRC>LDH,JRC,LDH,52.0,1
JRC>PTKC,JRC,PTKC,112.0,1
JUC>LDH,JUC,LDH,57.0,1
JWP>HW,JWP,HW,4.0,1
JWP>LRJ,JWP,LRJ,23.0,1
KAT>MOZ,KAT,MOZ,22.0,1
KAT>MUT,KAT,MUT,29.0,1
KIM>KSB,KIM,KSB,8.0,1
KIM>ST,KIM,ST,23.0,1
KKDE>KUN,KKDE,KUN,33.0,1
KKDE>UMB,KKDE,UMB,42.0,1
KKP>FDK,KKP,FDK,12.0,1
KKP>GJUT,KKP,GJUT,16.0,1
KNN>LDH,KNN,LDH,42.0,1
KNN>SIR,KNN,SIR,18.0,1
KOTA>DKNT,KOTA,DKNT,9.0,1
KOTA>GQL,KOTA,GQL,6.0,1
KOTA>LKE,KOTA,LKE,61.0,1
KOTA>NAD,KOTA,NAD,221.0,1
KPTN>GQL,KPTN,GQL,7.0,1
KPTN>KPZ,KPTN,KPZ,20.0,1
KPZ>KPTN,KPZ,KPTN,20.0,1
KPZ>LKE,KPZ,LKE,27.0,1
KRSA>DRL,KRSA,DRL,12.0,1
KRSA>GDA,KRSA,GDA,11.0,1
KSB>AKV,KSB,AKV,18.0,1
KSB>KIM,KSB,KIM,8.0,1
KSB>PAO,KSB,PAO,8.0,1
KSB>ST,KSB,ST,31.0,1
KSV>CHJ,KSV,CHJ,11.0,1
KSV>MTJ,KSV,MTJ,41.0,1
KTHU>JAT,KTHU,JAT,76.0,1
KTHU>PTKC,KTHU,PTKC,23.0,1
KTKL>MAUR,KTKL,MAUR,8.0,1
KTKL>MSZ,KTKL,MSZ,12.0,1
KTYM>CNGR,KTYM,CNGR,35.0,1
KTYM>KYJ,KTYM,KYJ,55.0,1
KUH>RNH,KUH,RNH,10.0,1
KUH>RTM,KUH,RTM,31.0,1
KUN>KKDE,KUN,KKDE,33.0,1
KUN>PNP,KUN,PNP,35.0,1
KYJ>KTYM,KYJ,KTYM,55.0,1
KYN>BSR,KYN,BSR,41.0,1
KYN>LNL,KYN,LNL,75.0,1
LDH>JRC,LDH,JRC,53.0,1
LDH>JUC,LDH,JUC,57.0,1
LDH>KNN,LDH,KNN,42.0,1
LKE>KOTA,LKE,KOTA,60.0,1
LKE>KPZ,LKE,KPZ,28.0,1
LMK>DHD,LMK,DHD,33.0,1
LMK>MAM,LMK,MAM,10.0,1
LNL>KYN,LNL,KYN,75.0,1
LNL>PUNE,LNL,PUNE,64.0,1
LNR>MEP,LNR,MEP,10.0,1
LNR>VMA,LNR,VMA,12.0,1
LRJ>JWP,LRJ,JWP,23.0,1
LRJ>RK,LRJ,RK,19.0,1
MAM>DHD,MAM,DHD,23.0,1
MAO>PERN,MAO,PERN,59.0,1
MAUR>BTI,MAUR,BTI,33.0,1
MAUR>KTKL,MAUR,KTKL,7.0,1
MDNR>MTC,MDNR,MTC,20.0,1
MDNR>MUD,MDNR,MUD,10.0,1
MEP>LNR,MEP,LNR,11.0,1
MEP>VMA,MEP,VMA,23.0,1
MGLP>SSB,MGLP,SSB,4.0,1
MGN>ANAS,MGN,ANAS,14.0,1
MKX>DARA,MKX,DARA,15.0,1
MKX>RMA,MKX,RMA,10.0,1
MOTC>HW,MOTC,HW,4.0,1
MOTC>RWL,MOTC,RWL,7.0,1
MOZ>DBD,MOZ,DBD,24.0,1
MOZ>KAT,MOZ,KAT,22.0,1
MOZ>MUT,MOZ,MUT,51.0,1
MOZ>RK,MOZ,RK,83.0,1
MOZ>SRE,MOZ,SRE,58.0,1
MOZ>TPZ,MOZ,TPZ,52.0,1
MRL>NVS,MRL,NVS,9.0,1
MRL>ST,MRL,ST,21.0,1
MRN>RTM,MRN,RTM,13.0,1
MSZ>BLZ,MSZ,BLZ,16.0,1
MSZ>KTKL,MSZ,KTKL,11.0,1
MTC>MDNR,MTC,MDNR,20.0,1
MTC>RK,MTC,RK,139.0,1
MTJ>CHJ,MTJ,CHJ,30.0,1
MTJ>KSV,MTJ,KSV,40.0,1
MUD>GZN,MUD,GZN,11.0,1
MUD>MDNR,MUD,MDNR,10.0,1
MUT>KAT,MUT,KAT,29.0,1
MUT>MOZ,MUT,MOZ,51.0,1
MYG>BH,MYG,BH,40.0,1
MYG>PLJ,MYG,PLJ,15.0,1
NAD>BWM,NAD,BWM,121.0,1
NAD>KOTA,NAD,KOTA,221.0,1
NDLS>DKZ,NDLS,DKZ,4.0,1
NDLS>FDB,NDLS,FDB,25.0,1
NDLS>MTJ,NDLS,MTJ,137.0,1
NDLS>PNP,NDLS,PNP,90.0,1
NDLS>SZM,NDLS,SZM,4.0,1
NDLS>UMB,NDLS,UMB,199.0,1
NIU>BH,NIU,BH,12.0,1
NIU>PLJ,NIU,PLJ,13.0,1
NNO>BGZ,NNO,BGZ,12.0,1
NNO>MGLP,NNO,MGLP,3.0,1
NRW>TUN,NRW,TUN,26.0,1
NRW>UCA,NRW,UCA,15.0,1
NVS>AML,NVS,AML,15.0,1
NVS>BIM,NVS,BIM,21.0,1
NVS>MRL,NVS,MRL,9.0,1
NZM>BTE,NZM,BTE,164.0,1
NZM>OKA,NZM,OKA,4.0,1
NZM>SBB,NZM,SBB,21.0,1
NZM>TKD,NZM,TKD,7.0,1
OKA>TKD,OKA,TKD,4.0,1
PAD>BL,PAD,BL,10.0,1
PAD>UVD,PAD,UVD,6.0,1
PAO>AKV,PAO,AKV,10.0,1
PAO>KSB,PAO,KSB,8.0,1
PCN>AGR,PCN,AGR,9.0,1
PCN>THDR,PCN,THDR,14.0,1
PERN>MAO,PERN,MAO,57.0,1
PERN>SNDD,PERN,SNDD,52.0,1
PLG>BOR,PLG,BOR,12.0,1
PLG>DRD,PLG,DRD,33.0,1
PLJ>MYG,PLJ,MYG,15.0,1
PLJ>NIU,PLJ,NIU,13.0,1
PNP>KUN,PNP,KUN,34.0,1
PNP>SNP,PNP,SNP,45.0,1
PNP>SZM,PNP,SZM,86.0,1
PNP>UMB,PNP,UMB,109.0,1
PNVL>ROHA,PNVL,ROHA,77.0,1
PTKC>JRC,PTKC,JRC,113.0,1
PTKC>KTHU,PTKC,KTHU,24.0,1
PUNE>LNL,PUNE,LNL,63.0,1
PWL>AST,PWL,AST,12.0,1
PWL>BVH,PWL,BVH,21.0,1
QLN>CNGR,QLN,CNGR,61.0,1
RK>DBD,RK,DBD,60.0,1
RK>LRJ,RK,LRJ,19.0,1
RK>MTC,RK,MTC,139.0,1
RK>SRE,RK,SRE,34.0,1
RK>TPZ,RK,TPZ,32.0,1
RMA>BWM,RMA,BWM,28.0,1
RMA>MKX,RMA,MKX,10.0,1
RMA>SGZ,RMA,SGZ,57.0,1
RN>SNDD,RN,SNDD,129.0,1
RNH>BOD,RNH,BOD,8.0,1
RNH>KUH,RNH,KUH,10.0,1
ROHA>CHI,ROHA,CHI,133.0,1
ROHA>PNVL,ROHA,PNVL,77.0,1
ROK>ISM,ROK,ISM,19.0,1
ROK>JNA,ROK,JNA,32.0,1
RTI>BILD,RTI,BILD,7.0,1
RTI>BOG,RTI,BOG,12.0,1
RTM>BMI,RTM,BMI,47.0,1
RTM>BOD,RTM,BOD,13.0,1
RTM>BWM,RTM,BWM,165.0,1
RTM>KUH,RTM,KUH,31.0,1
RTM>RTI,RTM,RTI,28.0,1
RWL>DWO,RWL,DWO,21.0,1
RWL>MOTC,RWL,MOTC,7.0,1
SBB>GZB,SBB,GZB,7.0,1
SBB>NZM,SBB,NZM,21.0,1
SGZ>GOH,SGZ,GOH,10.0,1
SGZ>RMA,SGZ,RMA,57.0,1
SIR>KNN,SIR,KNN,18.0,1
SIR>UBC,SIR,UBC,46.0,1
SJN>BLD,SJN,BLD,12.0,1
SJN>UBR,SJN,UBR,5.0,1
SMLA>CPN,SMLA,CPN,11.0,1
SMLA>DRL,SMLA,DRL,24.0,1
SNDD>PERN,SNDD,PERN,53.0,1
SNDD>RN,SNDD,RN,129.0,1
SNP>PNP,SNP,PNP,45.0,1
SNP>SZM,SNP,SZM,40.0,1
SPZ>BGZ,SPZ,BGZ,18.0,1
SPZ>ROK,SPZ,ROK,22.0,1
SRE>DBD,SRE,DBD,35.0,1
SRE>MOZ,SRE,MOZ,58.0,1
SRE>RK,SRE,RK,34.0,1
SRE>YJUD,SRE,YJUD,31.0,1
SSB>DKZ,SSB,DKZ,7.0,1
SSB>NNO,SSB,NNO,7.0,1
ST>AKV,ST,AKV,50.0,1
ST>BL,ST,BL,69.0,1
ST>KIM,ST,KIM,23.0,1
ST>KSB,ST,KSB,31.0,1
ST>MRL,ST,MRL,21.0,1
SVDK>UHP,SVDK,UHP,24.0,1
SZM>SNP,SZM,SNP,41.0,1
TCR>AWY,TCR,AWY,55.0,1
THDR>BMI,THDR,BMI,27.0,1
THDR>PCN,THDR,PCN,14.0,1
THUR>CMU,THUR,CMU,15.0,1
THUR>VMA,THUR,VMA,8.0,1
TPZ>MOZ,TPZ,MOZ,51.0,1
TPZ>RK,TPZ,RK,32.0,1
TUN>JHL,TUN,JHL,12.0,1
TUN>NRW,TUN,NRW,26.0,1
UBC>SIR,UBC,SIR,46.0,1
UBC>UMB,UBC,UMB,8.0,1
UBR>DRD,UBR,DRD,20.0,1
UBR>SJN,UBR,SJN,5.0,1
UCA>JIND,UCA,JIND,19.0,1
UCA>NRW,UCA,NRW,15.0,1
UHP>JAT,UHP,JAT,53.0,1
UHP>SVDK,UHP,SVDK,25.0,1
UMB>KKDE,UMB,KKDE,41.0,1
UMB>NDLS,UMB,NDLS,198.0,1
UMB>PNP,UMB,PNP,109.0,1
UMB>UBC,UMB,UBC,7.0,1
UMB>YJUD,UMB,YJUD,51.0,1
UVD>PAD,UVD,PAD,6.0,1
UVD>VAPI,UVD,VAPI,8.0,1
VAPI>BLD,VAPI,BLD,13.0,1
VAPI>BOR,VAPI,BOR,71.0,1
VAPI>BSR,VAPI,BSR,122.0,1
VAPI>PLG,VAPI,PLG,84.0,1
VAPI>UVD,VAPI,UVD,8.0,1
VGN>BOR,VGN,BOR,9.0,1
VGN>DRD,VGN,DRD,12.0,1
VMA>CMU,VMA,CMU,22.0,1
VMA>LNR,VMA,LNR,13.0,1
VMA>MEP,VMA,MEP,23.0,1
VMA>THUR,VMA,THUR,8.0,1
YJUD>SRE,YJUD,SRE,30.0,1
YJUD>UMB,YJUD,UMB,51.0,1
